{
    "pythonVersion": "3.13",
    "pythonPlatform": "Darwin",
    "exclude": [
        "**/node_modules",
        "**/__pycache__",
        "**/.venv"
    ],
    "reportMissingImports": false,
    "reportMissingTypeStubs": false,
    "reportGeneralTypeIssues": false,
    "reportOptionalMemberAccess": false,
    "reportOptionalCall": false,
    "reportOptionalIterable": false,
    "reportOptionalContextManager": false,
    "reportOptionalOperand": false,
    "executionEnvironments": [
        {
            "root": ".",
            "pythonVersion": "3.13",
            "pythonPlatform": "Darwin"
        }
    ]
}
