{
  "comment": "Translation key mapping from Turkish text to abstract keys",
  "mappings": {
    "Settings": "settings.window.title",
    "Download": "main.buttons.download_action",
    "Application": "settings.tabs.application",
    "Save": "common.buttons.save",
    "Cancel": "common.buttons.cancel",
    "Browse...": "common.buttons.browse",
    "Audio Settings": "settings.groups.audio_settings",
    "Audio Quality:": "settings.labels.audio_quality",
    "Download Location": "settings.groups.download_location",
    "Performance": "settings.groups.performance",
    "Concurrent Downloads:": "settings.labels.concurrent_downloads",
    "Playlist Limit:": "settings.labels.playlist_limit",
    "Unlimited": "settings.values.unlimited",
    "URL Cache Limit:": "settings.labels.url_cache_limit",
    "Maximum cache size for URL checking": "settings.tooltips.cache_limit",
    "Automatically retry failed downloads": "settings.checkboxes.auto_retry",
    "Appearance": "settings.groups.appearance",
    "Theme:": "settings.labels.theme",
    "Light": "settings.values.theme_light",
    "Dark": "settings.values.theme_dark",
    "Language:": "settings.labels.language",
    "Notifications": "settings.groups.notifications",
    "Play sound when download completes": "settings.checkboxes.notification_sound",
    "Automatically open folder after download": "settings.checkboxes.auto_open_folder",
    "Download History": "settings.groups.download_history",
    "Keep history:": "settings.labels.keep_history",
    "30 days": "settings.values.history_30_days",
    "60 days": "settings.values.history_60_days",
    "90 days": "settings.values.history_90_days",
    "Forever": "settings.values.history_forever",
    "Select Download Folder": "dialogs.titles.select_folder",
    "Error": "dialogs.titles.error",
    "Language could not be changed. Please restart the application.": "dialogs.messages.language_change_error",
    
    "Convert Any File to MP3": "converter.title",
    "Convert your video, audio and other media files to MP3 format. Supported formats include MP4, AVI, MKV, MOV, FLV, WAV, FLAC, M4A and more.": "converter.description",
    " Select File": "converter.buttons.select_file",
    " Start Conversion": "converter.buttons.start_conversion",
    " Cancel": "converter.buttons.cancel",
    " Clear List": "converter.buttons.clear_list",
    "Delete original files after conversion": "converter.checkboxes.delete_original",
    "If checked, original files will be deleted after conversion.": "converter.tooltips.delete_original",
    "WARNING: Original audio files (WAV, FLAC, M4A etc.) will be permanently deleted. Video files are always preserved.": "converter.warnings.delete_warning",
    "FFmpeg not found. File selection disabled.": "converter.errors.ffmpeg_not_found_select",
    "FFmpeg not found. Conversion feature unavailable.": "converter.errors.ffmpeg_not_found_convert",
    "FFmpeg Not Found": "converter.errors.ffmpeg_title",
    "FFmpeg not found. MP3 conversion feature is disabled.\\n\\nFFmpeg is required for file conversion. The application will attempt to download it automatically on first use, or you can install it manually.": "converter.errors.ffmpeg_message",
    "Drag and drop files to convert\\nor click to select": "converter.labels.drag_drop",
    "Original will be deleted": "converter.labels.will_be_deleted",
    "Select Files to Convert": "dialogs.titles.select_files",
    
    "YouTube MP3 Downloader": "main.window.title",
    "İndir": "main.buttons.download",
    "Geçmiş": "main.tabs.history",
    "Kuyruk": "main.tabs.queue",
    "Dönüştür": "main.tabs.convert",
    "History": "main.tabs.history_en",
    "Queue": "main.tabs.queue_en",
    "Convert": "main.tabs.convert_en",
    "File": "main.menu.file",
    "Import URLs...": "main.menu.import_urls",
    "Export History...": "main.menu.export_history",
    "Preferences": "main.menu.preferences",
    "Quit": "main.menu.quit",
    "Help": "main.menu.help",
    "Keyboard Shortcuts": "main.menu.keyboard_shortcuts",
    "Check for Updates": "main.menu.check_updates",
    "About": "main.menu.about",
    
    "Download Queue": "queue.title",
    "Start Queue": "queue.buttons.start",
    "Pause": "queue.buttons.pause",
    "Clear": "queue.buttons.clear",
    "Search:": "queue.labels.search",
    "Filter:": "queue.labels.filter",
    "Search song name or URL...": "queue.placeholders.search",
    "All": "queue.filters.all",
    "Waiting": "queue.status.waiting",
    "Downloading": "queue.status.downloading",
    "Completed": "queue.status.completed",
    "Failed": "queue.status.failed",
    "URL/Title": "queue.columns.url_title",
    "Status": "queue.columns.status",
    "Added Time": "queue.columns.added_time",
    "Action": "queue.columns.action",
    "Clear All": "queue.menu.clear_all",
    "Clear Selected": "queue.menu.clear_selected",
    "Clear Completed": "queue.menu.clear_completed",
    "Clear Failed": "queue.menu.clear_failed",
    "Clear Canceled": "queue.menu.clear_canceled",
    
    "Download History": "history.title",
    "Delete Selected": "history.buttons.delete_selected",
    "Open File Location": "history.menu.open_location",
    "Play": "history.menu.play",
    "Download Again": "history.menu.download_again",
    "Copy URL": "history.menu.copy_url",
    "Delete": "history.menu.delete",
    "Title": "history.columns.title",
    "File Name": "history.columns.file_name",
    "Size": "history.columns.size",
    "Duration": "history.columns.duration",
    "Downloaded": "history.columns.downloaded",
    "Search history...": "history.placeholders.search",
    
    "Total Downloads": "history.stats.total",
    "Total Size": "history.stats.size",
    "Total Duration": "history.stats.duration",
    "This Week": "history.stats.this_week"
  }
}