{
  "instructions": "Translate the Turkish text to your target language. Use the key and description to understand context.",
  "target_language": "SPECIFY_TARGET_LANGUAGE",
  "translations": [
    {
      "key": "A modern and user-friendly tool for downloading YouTube videos in MP3 format.",
      "description": "A Modern And User-Friendly Tool For Downloading Youtube Videos In Mp3 Format  öğesi",
      "turkish_text": "YouTube videolarını MP3 formatında indirmek için modern ve kullanıcı dostu bir araç.",
      "translated_text": ""
    },
    {
      "key": "Browse...",
      "description": "Browse    öğesi",
      "turkish_text": "Gözat...",
      "translated_text": ""
    },
    {
      "key": "Convert your video, audio and other media files to MP3 format. You can drag and drop files or select them.",
      "description": "Convert Your Video, Audio And Other Media Files To Mp3 Format  You Can Drag And Drop Files Or Select Them  öğesi",
      "turkish_text": "Video, ses ve diğer medya dosyalarınızı MP3 formatına dönüştürün. Dosyaları sürükleyip bırakabilir veya seçebilirsiniz.",
      "translated_text": ""
    },
    {
      "key": "Dönüştürme özelliği için FFmpeg gerekli. Lütfen FFmpeg'i yükleyin veya uygulamayı yeniden başlatın.",
      "description": "Dönüştürme Özelliği Için Ffmpeg Gerekli  Lütfen Ffmpeg'I Yükleyin Veya Uygulamayı Yeniden Başlatın  öğesi",
      "turkish_text": "Dönüştürme özelliği için FFmpeg gerekli. Lütfen FFmpeg'i yükleyin veya uygulamayı yeniden başlatın.",
      "translated_text": ""
    },
    {
      "key": "FFmpeg bulunamadı. MP3 dönüştürme özelliği devre dışı.\n\nLütfen FFmpeg'i yükleyin veya uygulamayı yeniden başlatın.",
      "description": "Ffmpeg Bulunamadı  Mp3 Dönüştürme Özelliği Devre Dışı \n\nLütfen Ffmpeg'I Yükleyin Veya Uygulamayı Yeniden Başlatın  öğesi",
      "turkish_text": "FFmpeg bulunamadı. MP3 dönüştürme özelliği devre dışı.\n\nLütfen FFmpeg'i yükleyin veya uygulamayı yeniden başlatın.",
      "translated_text": ""
    },
    {
      "key": "FFmpeg not found. Conversion feature unavailable.",
      "description": "Ffmpeg Not Found  Conversion Feature Unavailable  öğesi",
      "turkish_text": "FFmpeg bulunamadı. Dönüştürme özelliği kullanılamaz.",
      "translated_text": ""
    },
    {
      "key": "FFmpeg not found. File selection disabled.",
      "description": "Ffmpeg Not Found  File Selection Disabled  öğesi",
      "turkish_text": "FFmpeg bulunamadı. Dosya seçimi devre dışı.",
      "translated_text": ""
    },
    {
      "key": "Hata ({}): Dosya dönüştürülemedi. Lütfen dosyanın bozuk olmadığını veya desteklenen bir formatta olduğunu kontrol edin.",
      "description": "Hata ({}): Dosya Dönüştürülemedi  Lütfen Dosyanın Bozuk Olmadığını Veya Desteklenen Bir Formatta Olduğunu Kontrol Edin  öğesi",
      "turkish_text": "Hata ({}): Dosya dönüştürülemedi. Lütfen dosyanın bozuk olmadığını veya desteklenen bir formatta olduğunu kontrol edin.",
      "translated_text": ""
    },
    {
      "key": "If checked, audio files will be deleted after conversion to MP3. Video files are always preserved.",
      "description": "If Checked, Audio Files Will Be Deleted After Conversion To Mp3  Video Files Are Always Preserved  öğesi",
      "turkish_text": "İşaretli ise, ses dosyaları MP3'e dönüştürüldükten sonra silinir. Video dosyaları her zaman korunur.",
      "translated_text": ""
    },
    {
      "key": "If checked, original files will be deleted after conversion.",
      "description": "If Checked, Original Files Will Be Deleted After Conversion  öğesi",
      "turkish_text": "İşaretlenirse, orijinal dosyalar dönüştürmeden sonra silinir.",
      "translated_text": ""
    },
    {
      "key": "Import URLs...",
      "description": "Import Urls    öğesi",
      "turkish_text": "URL'leri İçe Aktar...",
      "translated_text": ""
    },
    {
      "key": "No pending downloads in queue.",
      "description": "No Pending Downloads In Queue  öğesi",
      "turkish_text": "Kuyrukta bekleyen indirme yok.",
      "translated_text": ""
    },
    {
      "key": "No videos found in history to add.",
      "description": "No Videos Found In History To Add  öğesi",
      "turkish_text": "Geçmişte eklenecek video bulunamadı.",
      "translated_text": ""
    },
    {
      "key": "Please select items to clear.",
      "description": "Please Select Items To Clear  öğesi",
      "turkish_text": "Lütfen temizlenecek öğeleri seçin.",
      "translated_text": ""
    },
    {
      "key": "Please select videos to add to download tab.",
      "description": "Please Select Videos To Add To Download Tab  öğesi",
      "turkish_text": "Lütfen indir sekmesine eklenecek videoları seçin.",
      "translated_text": ""
    },
    {
      "key": "Please select videos to add to queue.",
      "description": "Please Select Videos To Add To Queue  öğesi",
      "turkish_text": "Lütfen kuyruğa eklenecek videoları seçin.",
      "translated_text": ""
    },
    {
      "key": "Search in title or channel name...",
      "description": "Search In Title Or Channel Name    öğesi",
      "turkish_text": "Başlık veya kanal adında ara...",
      "translated_text": ""
    },
    {
      "key": "Search song name or URL...",
      "description": "Search Song Name Or Url    öğesi",
      "turkish_text": "Şarkı adı veya URL ara...",
      "translated_text": ""
    },
    {
      "key": "Settings...",
      "description": "Settings    öğesi",
      "turkish_text": "Ayarlar...",
      "translated_text": ""
    },
    {
      "key": "Total: {} files | Size: {:.1f} MB | Today: {} files",
      "description": "Total: {} Files | Size: {: 1F} Mb | Today: {} Files öğesi",
      "turkish_text": "Toplam: {} dosya | Boyut: {:.1f} MB | Bugün: {} dosya",
      "translated_text": ""
    },
    {
      "key": "WARNING: Audio files (WAV, FLAC, M4A etc.) will be automatically deleted after conversion to MP3. Video files are preserved.",
      "description": "Warning: Audio Files (Wav, Flac, M4A Etc ) Will Be Automatically Deleted After Conversion To Mp3  Video Files Are Preserved  öğesi",
      "turkish_text": "DİKKAT: Ses dosyaları (WAV, FLAC, M4A vb.) MP3'e dönüştürüldükten sonra orijinal dosyalar otomatik olarak silinir. Video dosyaları korunur.",
      "translated_text": ""
    },
    {
      "key": "WARNING: Original audio files (WAV, FLAC, M4A etc.) will be permanently deleted. Video files are always preserved.",
      "description": "Warning: Original Audio Files (Wav, Flac, M4A Etc ) Will Be Permanently Deleted  Video Files Are Always Preserved  öğesi",
      "turkish_text": "UYARI: Orijinal ses dosyaları (WAV, FLAC, M4A vb.) kalıcı olarak silinecektir. Video dosyaları her zaman korunur.",
      "translated_text": ""
    },
    {
      "key": "Yükleniyor...",
      "description": "Yükleniyor    öğesi",
      "turkish_text": "Yükleniyor...",
      "translated_text": ""
    },
    {
      "key": "common.buttons.browse",
      "description": "Gözat butonu (dosya/klasör seçimi)",
      "turkish_text": "Gözat...",
      "translated_text": ""
    },
    {
      "key": "common.buttons.cancel",
      "description": "İptal butonu",
      "turkish_text": "İptal",
      "translated_text": ""
    },
    {
      "key": "common.buttons.save",
      "description": "Kaydet butonu",
      "turkish_text": "Kaydet",
      "translated_text": ""
    },
    {
      "key": "converter.buttons.cancel",
      "description": "Dönüştürücü cancel butonu",
      "turkish_text": " İptal Et",
      "translated_text": ""
    },
    {
      "key": "converter.buttons.clear_list",
      "description": "Dönüştürücü clear_list butonu",
      "turkish_text": " Listeyi Temizle",
      "translated_text": ""
    },
    {
      "key": "converter.buttons.select_file",
      "description": "Dönüştürücü select_file butonu",
      "turkish_text": " Dosya Seç",
      "translated_text": ""
    },
    {
      "key": "converter.buttons.start_conversion",
      "description": "Dönüştürücü start_conversion butonu",
      "turkish_text": " Dönüştürmeyi Başlat",
      "translated_text": ""
    },
    {
      "key": "converter.checkboxes.delete_original",
      "description": "Dönüştürücü checkboxes delete_original öğesi",
      "turkish_text": "Dönüştürmeden sonra orijinal dosyaları sil",
      "translated_text": ""
    },
    {
      "key": "converter.description",
      "description": "Added during migration",
      "turkish_text": "Convert your video, audio and other media files to MP3 format. Supported formats include MP4, AVI, MKV, MOV, FLV, WAV, FLAC, M4A and more.",
      "translated_text": ""
    },
    {
      "key": "converter.errors.ffmpeg_message",
      "description": "Added during migration",
      "turkish_text": "FFmpeg not found. MP3 conversion feature is disabled.\\n\\nFFmpeg is required for file conversion. The application will attempt to download it automatically on first use, or you can install it manually.",
      "translated_text": ""
    },
    {
      "key": "converter.errors.ffmpeg_not_found_convert",
      "description": "Dönüştürücü errors ffmpeg_not_found_convert öğesi",
      "turkish_text": "FFmpeg bulunamadı. Dönüştürme özelliği kullanılamaz.",
      "translated_text": ""
    },
    {
      "key": "converter.errors.ffmpeg_not_found_select",
      "description": "Dönüştürücü errors ffmpeg_not_found_select öğesi",
      "turkish_text": "FFmpeg bulunamadı. Dosya seçimi devre dışı.",
      "translated_text": ""
    },
    {
      "key": "converter.errors.ffmpeg_title",
      "description": "Added during migration",
      "turkish_text": "FFmpeg Not Found",
      "translated_text": ""
    },
    {
      "key": "converter.labels.drag_drop",
      "description": "Added during migration",
      "turkish_text": "Drag and drop files to convert\\nor click to select",
      "translated_text": ""
    },
    {
      "key": "converter.labels.will_be_deleted",
      "description": "Added during migration",
      "turkish_text": "Original will be deleted",
      "translated_text": ""
    },
    {
      "key": "converter.title",
      "description": "Dönüştürücü sekmesi başlığı",
      "turkish_text": "Her Türlü Dosyayı MP3'e Dönüştür",
      "translated_text": ""
    },
    {
      "key": "converter.tooltips.delete_original",
      "description": "Dönüştürücü tooltips delete_original öğesi",
      "turkish_text": "İşaretlenirse, orijinal dosyalar dönüştürmeden sonra silinir.",
      "translated_text": ""
    },
    {
      "key": "converter.warnings.delete_warning",
      "description": "Dönüştürücü warnings delete_warning öğesi",
      "turkish_text": "UYARI: Orijinal ses dosyaları (WAV, FLAC, M4A vb.) kalıcı olarak silinecektir. Video dosyaları her zaman korunur.",
      "translated_text": ""
    },
    {
      "key": "dialogs.messages.language_change_error",
      "description": "Dil değiştirme hatası mesajı",
      "turkish_text": "Language could not be changed. Please restart the application.",
      "translated_text": ""
    },
    {
      "key": "dialogs.titles.error",
      "description": "Hata dialog başlığı",
      "turkish_text": "Hata",
      "translated_text": ""
    },
    {
      "key": "dialogs.titles.select_files",
      "description": "Added during migration",
      "turkish_text": "Select Files to Convert",
      "translated_text": ""
    },
    {
      "key": "dialogs.titles.select_folder",
      "description": "Klasör seçim dialog başlığı",
      "turkish_text": "Select Download Folder",
      "translated_text": ""
    },
    {
      "key": "history.buttons.delete_selected",
      "description": "Geçmiş sekmesi delete_selected butonu",
      "turkish_text": "Seçilenleri Sil",
      "translated_text": ""
    },
    {
      "key": "history.columns.downloaded",
      "description": "Added during migration",
      "turkish_text": "Downloaded",
      "translated_text": ""
    },
    {
      "key": "history.columns.duration",
      "description": "Video süresi sütunu",
      "turkish_text": "Duration",
      "translated_text": ""
    },
    {
      "key": "history.columns.file_name",
      "description": "Added during migration",
      "turkish_text": "File Name",
      "translated_text": ""
    },
    {
      "key": "history.columns.size",
      "description": "Dosya boyutu sütunu",
      "turkish_text": "Boyut",
      "translated_text": ""
    },
    {
      "key": "history.columns.title",
      "description": "Video başlığı sütunu",
      "turkish_text": "Başlık",
      "translated_text": ""
    },
    {
      "key": "history.menu.copy_url",
      "description": "Added during migration",
      "turkish_text": "Copy URL",
      "translated_text": ""
    },
    {
      "key": "history.menu.delete",
      "description": "Added during migration",
      "turkish_text": "Delete",
      "translated_text": ""
    },
    {
      "key": "history.menu.download_again",
      "description": "Added during migration",
      "turkish_text": "Download Again",
      "translated_text": ""
    },
    {
      "key": "history.menu.open_location",
      "description": "Added during migration",
      "turkish_text": "Open File Location",
      "translated_text": ""
    },
    {
      "key": "history.menu.play",
      "description": "Added during migration",
      "turkish_text": "Play",
      "translated_text": ""
    },
    {
      "key": "history.placeholders.search",
      "description": "Added during migration",
      "turkish_text": "Search history...",
      "translated_text": ""
    },
    {
      "key": "history.stats.duration",
      "description": "Added during migration",
      "turkish_text": "Total Duration",
      "translated_text": ""
    },
    {
      "key": "history.stats.size",
      "description": "Added during migration",
      "turkish_text": "Total Size",
      "translated_text": ""
    },
    {
      "key": "history.stats.this_week",
      "description": "Added during migration",
      "turkish_text": "This Week",
      "translated_text": ""
    },
    {
      "key": "history.stats.total",
      "description": "Added during migration",
      "turkish_text": "Total Downloads",
      "translated_text": ""
    },
    {
      "key": "history.title",
      "description": "İndirme geçmişi sekmesi başlığı",
      "turkish_text": "İndirme Geçmişi",
      "translated_text": ""
    },
    {
      "key": "main.buttons.download",
      "description": "YouTube videosunu MP3 olarak indirme butonu",
      "turkish_text": "İndir",
      "translated_text": ""
    },
    {
      "key": "main.buttons.download_action",
      "description": "İndirme sekmesi başlığı",
      "turkish_text": "İndir",
      "translated_text": ""
    },
    {
      "key": "main.menu.about",
      "description": "Hakkında menü öğesi",
      "turkish_text": "Hakkında",
      "translated_text": ""
    },
    {
      "key": "main.menu.check_updates",
      "description": "Added during migration",
      "turkish_text": "Check for Updates",
      "translated_text": ""
    },
    {
      "key": "main.menu.export_history",
      "description": "Added during migration",
      "turkish_text": "Export History...",
      "translated_text": ""
    },
    {
      "key": "main.menu.file",
      "description": "Dosya menüsü başlığı",
      "turkish_text": "Dosya",
      "translated_text": ""
    },
    {
      "key": "main.menu.help",
      "description": "Yardım menüsü başlığı",
      "turkish_text": "Yardım",
      "translated_text": ""
    },
    {
      "key": "main.menu.import_urls",
      "description": "Ana menü import_urls öğesi",
      "turkish_text": "URL'leri İçe Aktar...",
      "translated_text": ""
    },
    {
      "key": "main.menu.keyboard_shortcuts",
      "description": "Klavye kısayolları menü öğesi ve dialog başlığı",
      "turkish_text": "Klavye Kısayolları",
      "translated_text": ""
    },
    {
      "key": "main.menu.preferences",
      "description": "Added during migration",
      "turkish_text": "Preferences",
      "translated_text": ""
    },
    {
      "key": "main.menu.quit",
      "description": "Added during migration",
      "turkish_text": "Quit",
      "translated_text": ""
    },
    {
      "key": "main.tabs.convert",
      "description": "Added during migration",
      "turkish_text": "Dönüştür",
      "translated_text": ""
    },
    {
      "key": "main.tabs.convert_en",
      "description": "Ana pencere tabs convert_en öğesi",
      "turkish_text": "Dönüştür",
      "translated_text": ""
    },
    {
      "key": "main.tabs.history",
      "description": "Added during migration",
      "turkish_text": "Geçmiş",
      "translated_text": ""
    },
    {
      "key": "main.tabs.history_en",
      "description": "Ana pencere tabs history_en öğesi",
      "turkish_text": "Geçmiş",
      "translated_text": ""
    },
    {
      "key": "main.tabs.queue",
      "description": "Added during migration",
      "turkish_text": "Kuyruk",
      "translated_text": ""
    },
    {
      "key": "main.tabs.queue_en",
      "description": "Ana pencere tabs queue_en öğesi",
      "turkish_text": "Sıra",
      "translated_text": ""
    },
    {
      "key": "main.window.title",
      "description": "Ana pencere başlığı",
      "turkish_text": "YouTube MP3 İndirici",
      "translated_text": ""
    },
    {
      "key": "queue.buttons.clear",
      "description": "Kuyruk sekmesi clear butonu",
      "turkish_text": "Temizle",
      "translated_text": ""
    },
    {
      "key": "queue.buttons.pause",
      "description": "Kuyruk sekmesi pause butonu",
      "turkish_text": "Duraklat",
      "translated_text": ""
    },
    {
      "key": "queue.buttons.start",
      "description": "Kuyruk sekmesi start butonu",
      "turkish_text": "Kuyruğu Başlat",
      "translated_text": ""
    },
    {
      "key": "queue.columns.action",
      "description": "Kuyruk tablosu action sütunu",
      "turkish_text": "İşlem",
      "translated_text": ""
    },
    {
      "key": "queue.columns.added_time",
      "description": "Kuyruk tablosu added_time sütunu",
      "turkish_text": "Eklenme Zamanı",
      "translated_text": ""
    },
    {
      "key": "queue.columns.status",
      "description": "İndirme durumu sütunu",
      "turkish_text": "Durum",
      "translated_text": ""
    },
    {
      "key": "queue.columns.url_title",
      "description": "Kuyruk tablosu url_title sütunu",
      "turkish_text": "URL/Başlık",
      "translated_text": ""
    },
    {
      "key": "queue.filters.all",
      "description": "Kuyruk sekmesi filters all öğesi",
      "turkish_text": "Tümü",
      "translated_text": ""
    },
    {
      "key": "queue.labels.filter",
      "description": "Kuyruk sekmesi filter etiketi",
      "turkish_text": "Filtre:",
      "translated_text": ""
    },
    {
      "key": "queue.labels.search",
      "description": "Kuyruk sekmesi search etiketi",
      "turkish_text": "Ara:",
      "translated_text": ""
    },
    {
      "key": "queue.menu.clear_all",
      "description": "Kuyruk sekmesi menu clear_all öğesi",
      "turkish_text": "Tümünü Temizle",
      "translated_text": ""
    },
    {
      "key": "queue.menu.clear_canceled",
      "description": "Kuyruk sekmesi menu clear_canceled öğesi",
      "turkish_text": "İptal Edilenleri Temizle",
      "translated_text": ""
    },
    {
      "key": "queue.menu.clear_completed",
      "description": "Kuyruk sekmesi menu clear_completed öğesi",
      "turkish_text": "Tamamlananları Temizle",
      "translated_text": ""
    },
    {
      "key": "queue.menu.clear_failed",
      "description": "Kuyruk sekmesi menu clear_failed öğesi",
      "turkish_text": "Başarısızları Temizle",
      "translated_text": ""
    },
    {
      "key": "queue.menu.clear_selected",
      "description": "Kuyruk sekmesi menu clear_selected öğesi",
      "turkish_text": "Seçilileri Temizle",
      "translated_text": ""
    },
    {
      "key": "queue.placeholders.search",
      "description": "Kuyruk sekmesi placeholders search öğesi",
      "turkish_text": "Şarkı adı veya URL ara...",
      "translated_text": ""
    },
    {
      "key": "queue.status.completed",
      "description": "Tamamlandı durumu",
      "turkish_text": "Tamamlandı",
      "translated_text": ""
    },
    {
      "key": "queue.status.downloading",
      "description": "İndiriliyor durumu",
      "turkish_text": "İndiriliyor",
      "translated_text": ""
    },
    {
      "key": "queue.status.failed",
      "description": "Başarısız durumu",
      "turkish_text": "Başarısız",
      "translated_text": ""
    },
    {
      "key": "queue.status.waiting",
      "description": "Bekleme durumu",
      "turkish_text": "Bekliyor",
      "translated_text": ""
    },
    {
      "key": "queue.title",
      "description": "İndirme kuyruğu sekmesi başlığı",
      "turkish_text": "İndirme Kuyruğu",
      "translated_text": ""
    },
    {
      "key": "settings.checkboxes.auto_open_folder",
      "description": "İndirme sonrası klasörü otomatik aç",
      "turkish_text": "İndirme sonrası klasörü otomatik aç",
      "translated_text": ""
    },
    {
      "key": "settings.checkboxes.auto_retry",
      "description": "Başarısız indirmeleri otomatik tekrar dene",
      "turkish_text": "Başarısız indirmeleri otomatik yeniden dene",
      "translated_text": ""
    },
    {
      "key": "settings.checkboxes.notification_sound",
      "description": "İndirme tamamlandığında ses çal",
      "turkish_text": "İndirme tamamlandığında ses çal",
      "translated_text": ""
    },
    {
      "key": "settings.groups.appearance",
      "description": "Görünüm ayarları grup başlığı",
      "turkish_text": "Görünüm",
      "translated_text": ""
    },
    {
      "key": "settings.groups.audio_settings",
      "description": "Ses ayarları grup başlığı",
      "turkish_text": "Ses Ayarları",
      "translated_text": ""
    },
    {
      "key": "settings.groups.download_location",
      "description": "İndirme konumu grup başlığı",
      "turkish_text": "İndirme Konumu",
      "translated_text": ""
    },
    {
      "key": "settings.groups.notifications",
      "description": "Bildirim ayarları grup başlığı",
      "turkish_text": "Bildirimler",
      "translated_text": ""
    },
    {
      "key": "settings.groups.performance",
      "description": "Performans ayarları grup başlığı",
      "turkish_text": "Performans",
      "translated_text": ""
    },
    {
      "key": "settings.labels.audio_quality",
      "description": "Ses kalitesi seçim etiketi",
      "turkish_text": "Ses Kalitesi:",
      "translated_text": ""
    },
    {
      "key": "settings.labels.concurrent_downloads",
      "description": "Eşzamanlı indirme sayısı etiketi",
      "turkish_text": "Eşzamanlı İndirme:",
      "translated_text": ""
    },
    {
      "key": "settings.labels.keep_history",
      "description": "Geçmiş saklama süresi etiketi",
      "turkish_text": "Geçmişi sakla:",
      "translated_text": ""
    },
    {
      "key": "settings.labels.language",
      "description": "Dil seçimi etiketi",
      "turkish_text": "Dil:",
      "translated_text": ""
    },
    {
      "key": "settings.labels.playlist_limit",
      "description": "Playlist indirme limiti etiketi",
      "turkish_text": "Playlist Limiti:",
      "translated_text": ""
    },
    {
      "key": "settings.labels.theme",
      "description": "Tema seçimi etiketi",
      "turkish_text": "Tema:",
      "translated_text": ""
    },
    {
      "key": "settings.labels.url_cache_limit",
      "description": "URL önbellek limiti etiketi",
      "turkish_text": "URL Cache Limiti:",
      "translated_text": ""
    },
    {
      "key": "settings.tabs.application",
      "description": "Uygulama ayarları sekmesi",
      "turkish_text": "Uygulama",
      "translated_text": ""
    },
    {
      "key": "settings.tooltips.cache_limit",
      "description": "URL önbellek limiti açıklaması",
      "turkish_text": "URL kontrolü için tutulan maksimum cache boyutu",
      "translated_text": ""
    },
    {
      "key": "settings.values.history_30_days",
      "description": "30 gün geçmiş seçeneği",
      "turkish_text": "30 gün",
      "translated_text": ""
    },
    {
      "key": "settings.values.history_60_days",
      "description": "60 gün geçmiş seçeneği",
      "turkish_text": "60 gün",
      "translated_text": ""
    },
    {
      "key": "settings.values.history_90_days",
      "description": "90 gün geçmiş seçeneği",
      "turkish_text": "90 gün",
      "translated_text": ""
    },
    {
      "key": "settings.values.history_forever",
      "description": "Süresiz geçmiş seçeneği",
      "turkish_text": "Süresiz",
      "translated_text": ""
    },
    {
      "key": "settings.values.theme_dark",
      "description": "Koyu tema seçeneği",
      "turkish_text": "Koyu",
      "translated_text": ""
    },
    {
      "key": "settings.values.theme_light",
      "description": "Açık tema seçeneği",
      "turkish_text": "Açık",
      "translated_text": ""
    },
    {
      "key": "settings.values.unlimited",
      "description": "Sınırsız değeri",
      "turkish_text": "Limitsiz",
      "translated_text": ""
    },
    {
      "key": "settings.window.title",
      "description": "Ayarlar penceresi başlığı",
      "turkish_text": "Ayarlar",
      "translated_text": ""
    },
    {
      "key": "{} canceled downloads cleared.",
      "description": "{} Canceled Downloads Cleared  öğesi",
      "turkish_text": "{} iptal edilmiş indirme temizlendi.",
      "translated_text": ""
    },
    {
      "key": "{} completed downloads cleared.",
      "description": "{} Completed Downloads Cleared  öğesi",
      "turkish_text": "{} tamamlanmış indirme temizlendi.",
      "translated_text": ""
    },
    {
      "key": "{} failed downloads cleared.",
      "description": "{} Failed Downloads Cleared  öğesi",
      "turkish_text": "{} başarısız indirme temizlendi.",
      "translated_text": ""
    },
    {
      "key": "{} items cleared from queue.",
      "description": "{} Items Cleared From Queue  öğesi",
      "turkish_text": "{} öğe kuyruktan temizlendi.",
      "translated_text": ""
    },
    {
      "key": "{} items cleared.",
      "description": "{} Items Cleared  öğesi",
      "turkish_text": "{} öğe temizlendi.",
      "translated_text": ""
    },
    {
      "key": "{} items removed from queue.",
      "description": "{} Items Removed From Queue  öğesi",
      "turkish_text": "{} öğe kuyruktan silindi.",
      "translated_text": ""
    },
    {
      "key": "{} records deleted.",
      "description": "{} Records Deleted  öğesi",
      "turkish_text": "{} kayıt silindi.",
      "translated_text": ""
    },
    {
      "key": "{} videos added to queue.",
      "description": "{} Videos Added To Queue  öğesi",
      "turkish_text": "{} video kuyruğa eklendi.",
      "translated_text": ""
    },
    {
      "key": "İptal ediliyor...",
      "description": "İptal Ediliyor    öğesi",
      "turkish_text": "İptal ediliyor...",
      "translated_text": ""
    }
  ]
}